"Status","Start Time","Stop Time","Duration in ms","Parent Suite","Suite","Sub Suite","Test Class","Test Method","Name","Description"
"passed","Fri Dec 20 09:55:45 GMT 2024","Fri Dec 20 09:55:45 GMT 2024","0","","ReedSolomonE6BTest","","ReedSolomonE6BTest","","Decode112Errors",""
"passed","Fri Dec 20 09:55:46 GMT 2024","Fri Dec 20 09:55:46 GMT 2024","0","","FirFilterTest","","FirFilterTest","","InstantiateCbyteCbyte",""
"passed","Fri Dec 20 09:55:31 GMT 2024","Fri Dec 20 09:55:31 GMT 2024","0","","RtcmTest","","RtcmTest","","MT1020",""
"passed","Fri Dec 20 09:55:31 GMT 2024","Fri Dec 20 09:55:31 GMT 2024","3","","GnssCryptoTest","","GnssCryptoTest","","VerifyPubKeyImport",""
"passed","Fri Dec 20 09:55:45 GMT 2024","Fri Dec 20 09:55:45 GMT 2024","0","","GlonassGnavNavigationMessageTest","","GlonassGnavNavigationMessageTest","","CRCTestFailure",""
"passed","Fri Dec 20 09:55:31 GMT 2024","Fri Dec 20 09:55:31 GMT 2024","0","","Geohash_Test","","Geohash_Test","","Encode",""
"passed","Fri Dec 20 09:55:45 GMT 2024","Fri Dec 20 09:55:45 GMT 2024","0","","ReedSolomonE1BTest","","ReedSolomonE1BTest","","DecodeErasureCorrectionCase1",""
"passed","Fri Dec 20 09:55:31 GMT 2024","Fri Dec 20 09:55:31 GMT 2024","0","","RtcmTest","","RtcmTest","","MT1019",""
"passed","Fri Dec 20 09:54:25 GMT 2024","Fri Dec 20 09:54:25 GMT 2024","3","","GalileoE5bPcpsAcquisitionTest","","GalileoE5bPcpsAcquisitionTest","","Instantiate",""
"failed","Fri Dec 20 09:55:46 GMT 2024","Fri Dec 20 09:55:46 GMT 2024","0","","PulseBlankingFilterTest","","PulseBlankingFilterTest","","ConnectAndRunGrcomplex",""
"passed","Fri Dec 20 09:52:23 GMT 2024","Fri Dec 20 09:52:23 GMT 2024","2","","PreambleCorrelationTest","","PreambleCorrelationTest","","TestMethods",""
"passed","Fri Dec 20 09:55:31 GMT 2024","Fri Dec 20 09:55:31 GMT 2024","1","","DataTypeAdapter","","DataTypeAdapter","","IbyteToComplexValidationOfResults",""
"passed","Fri Dec 20 09:54:25 GMT 2024","Fri Dec 20 09:54:25 GMT 2024","4","","GlonassL1CaPcpsAcquisitionGSoC2017Test","","GlonassL1CaPcpsAcquisitionGSoC2017Test","","Instantiate",""
"passed","Fri Dec 20 09:53:21 GMT 2024","Fri Dec 20 09:54:24 GMT 2024","62623","","GalileoE1PcpsTongAmbiguousAcquisitionGSoC2013Test","","GalileoE1PcpsTongAmbiguousAcquisitionGSoC2013Test","","ValidationOfResultsProbabilities",""
"passed","Fri Dec 20 09:55:40 GMT 2024","Fri Dec 20 09:55:45 GMT 2024","5349","","GalileoE5bTrackingTest","","GalileoE5bTrackingTest","","ValidationOfResults",""
"passed","Fri Dec 20 09:52:21 GMT 2024","Fri Dec 20 09:52:23 GMT 2024","1765","","FFTSpeedTest","","FFTSpeedTest","","ArmadilloVSGNURadioExecutionTime",""
"passed","Fri Dec 20 09:52:23 GMT 2024","Fri Dec 20 09:52:23 GMT 2024","0","","InMemoryConfiguration","","InMemoryConfiguration","","RetrieveBoolFail",""
"passed","Fri Dec 20 09:55:45 GMT 2024","Fri Dec 20 09:55:45 GMT 2024","0","","ReedSolomonE6BTest","","ReedSolomonE6BTest","","DecodeNoErrors",""
"passed","Fri Dec 20 09:55:31 GMT 2024","Fri Dec 20 09:55:31 GMT 2024","0","","RtcmTest","","RtcmTest","","HexToUint",""
"passed","Fri Dec 20 09:53:21 GMT 2024","Fri Dec 20 09:53:22 GMT 2024","477","","GalileoE1PcpsTongAmbiguousAcquisitionGSoC2013Test","","GalileoE1PcpsTongAmbiguousAcquisitionGSoC2013Test","","ValidationOfResults",""
"passed","Fri Dec 20 09:55:45 GMT 2024","Fri Dec 20 09:55:45 GMT 2024","0","","GlonassGnavEphemerisTest","","GlonassGnavEphemerisTest","","ConvertGlonassT2GpsT2",""
"passed","Fri Dec 20 09:55:45 GMT 2024","Fri Dec 20 09:55:45 GMT 2024","0","","TrackingLoopFilterTest","","TrackingLoopFilterTest","","FirstOrderLoop",""
"passed","Fri Dec 20 09:55:45 GMT 2024","Fri Dec 20 09:55:45 GMT 2024","0","","ReedSolomonE6BTest","","ReedSolomonE6BTest","","DecodeErasure",""
"passed","Fri Dec 20 09:55:10 GMT 2024","Fri Dec 20 09:55:10 GMT 2024","3","","GpsL1CaPcpsAcquisitionGSoC2013Test","","GpsL1CaPcpsAcquisitionGSoC2013Test","","Instantiate",""
"passed","Fri Dec 20 09:55:45 GMT 2024","Fri Dec 20 09:55:45 GMT 2024","0","","GNSSBlockFactoryTest","","GNSSBlockFactoryTest","","InstantiateWrongPvt2",""
"passed","Fri Dec 20 09:52:16 GMT 2024","Fri Dec 20 09:52:16 GMT 2024","4","","ComplexCarrierTest","","ComplexCarrierTest","","C11ComplexImplementation",""
"passed","Fri Dec 20 09:54:25 GMT 2024","Fri Dec 20 09:54:26 GMT 2024","338","","GlonassL1CaPcpsAcquisitionGSoC2017Test","","GlonassL1CaPcpsAcquisitionGSoC2017Test","","ValidationOfResults",""
"passed","Fri Dec 20 09:55:31 GMT 2024","Fri Dec 20 09:55:31 GMT 2024","27","","MmseResamplerTest","","MmseResamplerTest","","InstantiationAndRunTestWarning",""
"passed","Fri Dec 20 09:54:24 GMT 2024","Fri Dec 20 09:54:25 GMT 2024","192","","GalileoE5aPcpsAcquisitionGSoC2014GensourceTest","","GalileoE5aPcpsAcquisitionGSoC2014GensourceTest","","ValidationOfSIM",""
"passed","Fri Dec 20 09:55:31 GMT 2024","Fri Dec 20 09:55:31 GMT 2024","0","","Unpack2bitSamplesTest","","Unpack2bitSamplesTest","","CheckLittleEndianByte",""
"passed","Fri Dec 20 09:55:45 GMT 2024","Fri Dec 20 09:55:45 GMT 2024","0","","GNSSBlockFactoryTest","","GNSSBlockFactoryTest","","InstantiateWrongTracking",""
"passed","Fri Dec 20 09:55:31 GMT 2024","Fri Dec 20 09:55:31 GMT 2024","0","","Serdes_Monitor_Pvt_Test","","Serdes_Monitor_Pvt_Test","","Simpletest",""
"passed","Fri Dec 20 09:55:31 GMT 2024","Fri Dec 20 09:55:31 GMT 2024","0","","GnssCryptoTest","","GnssCryptoTest","","TestComputeHMACSHA256_adkd4",""
"passed","Sun Dec 22 17:09:42 GMT 2024","Sun Dec 22 17:46:51 GMT 2024","2228273","","TtffTest","","TtffTest","","HotStart",""
"passed","Fri Dec 20 09:55:45 GMT 2024","Fri Dec 20 09:55:45 GMT 2024","0","","GlonassGnavNavigationMessageTest","","GlonassGnavNavigationMessageTest","","String3Decoder",""
"passed","Fri Dec 20 09:55:45 GMT 2024","Fri Dec 20 09:55:45 GMT 2024","0","","GNSSBlockFactoryTest","","GNSSBlockFactoryTest","","InstantiateWrongSignalSource2",""
"passed","Fri Dec 20 09:55:31 GMT 2024","Fri Dec 20 09:55:31 GMT 2024","1","","DataTypeAdapter","","DataTypeAdapter","","ByteToShortValidationOfResults",""
"passed","Fri Dec 20 09:55:31 GMT 2024","Fri Dec 20 09:55:31 GMT 2024","0","","RtcmTest","","RtcmTest","","CheckCRC",""
"passed","Fri Dec 20 09:55:31 GMT 2024","Fri Dec 20 09:55:31 GMT 2024","0","","RinexPrinterTest","","RinexPrinterTest","","GlonassObsHeader",""
"failed","Fri Dec 20 09:55:46 GMT 2024","Fri Dec 20 09:55:46 GMT 2024","0","","FirFilterTest","","FirFilterTest","","ConnectAndRunGrcomplex",""
"passed","Fri Dec 20 09:55:45 GMT 2024","Fri Dec 20 09:55:45 GMT 2024","0","","ReedSolomonE6BTest","","ReedSolomonE6BTest","","Decode16Errors",""
"passed","Fri Dec 20 09:55:46 GMT 2024","Fri Dec 20 09:55:46 GMT 2024","4","","GpsL1CaPcpsAcquisitionTest","","GpsL1CaPcpsAcquisitionTest","","ConnectAndRun",""
"passed","Fri Dec 20 09:55:15 GMT 2024","Fri Dec 20 09:55:15 GMT 2024","149","","GpsL1CaPcpsTongAcquisitionGSoC2013Test","","GpsL1CaPcpsTongAcquisitionGSoC2013Test","","ValidationOfResults",""
"passed","Fri Dec 20 09:55:34 GMT 2024","Fri Dec 20 09:55:40 GMT 2024","5502","","GalileoE5aTrackingTest","","GalileoE5aTrackingTest","","ValidationOfResults",""
"passed","Fri Dec 20 09:55:46 GMT 2024","Fri Dec 20 09:55:46 GMT 2024","19","","FirFilterTest","","FirFilterTest","","ConnectAndRun",""
"failed","Fri Dec 20 09:55:45 GMT 2024","Fri Dec 20 09:55:45 GMT 2024","0","","ControlThreadTest","","ControlThreadTest","","InstantiateRunControlMessages2",""
"passed","Fri Dec 20 09:55:46 GMT 2024","Fri Dec 20 09:55:46 GMT 2024","0","","PulseBlankingFilterTest","","PulseBlankingFilterTest","","InstantiateGrComplexGrComplex",""
"passed","Fri Dec 20 09:55:46 GMT 2024","Fri Dec 20 09:55:46 GMT 2024","0","","FirFilterTest","","FirFilterTest","","InstantiateGrComplexGrComplex",""
"passed","Fri Dec 20 09:55:45 GMT 2024","Fri Dec 20 09:55:45 GMT 2024","3","","GNSSBlockFactoryTest","","GNSSBlockFactoryTest","","InstantiateGalileoE1PcpsQuickSyncAmbiguousAcquisition",""
"passed","Fri Dec 20 09:55:31 GMT 2024","Fri Dec 20 09:55:31 GMT 2024","0","","GnssCryptoTest","","GnssCryptoTest","","TestComputeSHA_256",""
"passed","Fri Dec 20 09:55:45 GMT 2024","Fri Dec 20 09:55:45 GMT 2024","0","","TrackingLoopFilterTest","","TrackingLoopFilterTest","","SecondOrderLoop",""
"failed","Fri Dec 20 09:55:46 GMT 2024","Fri Dec 20 09:55:46 GMT 2024","1","","NotchFilterLiteTest","","NotchFilterLiteTest","","ConnectAndRunGrcomplex",""
"passed","Fri Dec 20 09:55:10 GMT 2024","Fri Dec 20 09:55:12 GMT 2024","1874","","GpsL1CaPcpsAcquisitionGSoC2013Test","","GpsL1CaPcpsAcquisitionGSoC2013Test","","ValidationOfResultsProbabilities",""
"failed","Fri Dec 20 09:55:46 GMT 2024","Fri Dec 20 09:55:46 GMT 2024","4","","GalileoE1PcpsAmbiguousAcquisitionGSoCTest","","GalileoE1PcpsAmbiguousAcquisitionGSoCTest","","ValidationOfResults",""
"passed","Fri Dec 20 09:55:31 GMT 2024","Fri Dec 20 09:55:31 GMT 2024","0","","PassThroughTest","","PassThroughTest","","Instantiate",""
"passed","Fri Dec 20 09:55:31 GMT 2024","Fri Dec 20 09:55:31 GMT 2024","10","","GnssCryptoTest","","GnssCryptoTest","","VerifySignatureP521",""
"passed","Fri Dec 20 09:52:49 GMT 2024","Fri Dec 20 09:52:49 GMT 2024","166","","GalileoE1PcpsAmbiguousAcquisitionGSoC2013Test","","GalileoE1PcpsAmbiguousAcquisitionGSoC2013Test","","ValidationOfResults",""
"passed","Fri Dec 20 09:55:45 GMT 2024","Fri Dec 20 09:55:45 GMT 2024","0","","ReedSolomonE1BTest","","ReedSolomonE1BTest","","Decode31Errors",""
"passed","Fri Dec 20 09:55:45 GMT 2024","Fri Dec 20 09:55:45 GMT 2024","0","","TrackingLoopFilterTest","","TrackingLoopFilterTest","","ThirdOrderLoop",""
"passed","Fri Dec 20 09:55:46 GMT 2024","Fri Dec 20 09:55:46 GMT 2024","3","","GpsL1CaPcpsAcquisitionTest","","GpsL1CaPcpsAcquisitionTest","","Instantiate",""
"passed","Fri Dec 20 09:55:31 GMT 2024","Fri Dec 20 09:55:31 GMT 2024","0","","RinexPrinterTest","","RinexPrinterTest","","GalileoObsLogDualBand",""
"passed","Fri Dec 20 09:55:45 GMT 2024","Fri Dec 20 09:55:45 GMT 2024","0","","ReedSolomonE1BTest","","ReedSolomonE1BTest","","EncodeWithMatrix",""
"failed","Fri Dec 20 09:55:45 GMT 2024","Fri Dec 20 09:55:45 GMT 2024","6","","GNSSFlowgraph","","GNSSFlowgraph","","InstantiateConnectStartStopOldNotation",""
"passed","Fri Dec 20 09:52:23 GMT 2024","Fri Dec 20 09:52:23 GMT 2024","0","","MultiplyTest","","MultiplyTest","","VolkComplexImplementation",""
"passed","Fri Dec 20 09:55:31 GMT 2024","Fri Dec 20 09:55:31 GMT 2024","0","","RinexPrinterTest","","RinexPrinterTest","","MixedObsLog",""
"passed","Fri Dec 20 09:55:31 GMT 2024","Fri Dec 20 09:55:31 GMT 2024","0","","RtcmTest","","RtcmTest","","BinToDouble",""
"passed","Fri Dec 20 09:55:31 GMT 2024","Fri Dec 20 09:55:31 GMT 2024","0","","RinexPrinterTest","","RinexPrinterTest","","GalileoObsLog",""
"passed","Fri Dec 20 09:55:45 GMT 2024","Fri Dec 20 09:55:45 GMT 2024","0","","ReedSolomonE6BTest","","ReedSolomonE6BTest","","Decode113ErrorsWithErasure",""
"passed","Fri Dec 20 09:55:31 GMT 2024","Fri Dec 20 09:55:31 GMT 2024","0","","RtcmTest","","RtcmTest","","MT1045",""
"passed","Fri Dec 20 09:55:45 GMT 2024","Fri Dec 20 09:55:45 GMT 2024","0","","GlonassGnavEphemerisTest","","GlonassGnavEphemerisTest","","ConvertGlonassT2GpsT4",""
"passed","Fri Dec 20 09:55:45 GMT 2024","Fri Dec 20 09:55:45 GMT 2024","0","","GNSSBlockFactoryTest","","GNSSBlockFactoryTest","","InstantiateFileSignalSource",""
"passed","Fri Dec 20 09:55:31 GMT 2024","Fri Dec 20 09:55:31 GMT 2024","0","","OsnmaMsgReceiverTest","","OsnmaMsgReceiverTest","","VerifyPublicKey",""
"passed","Fri Dec 20 09:55:31 GMT 2024","Fri Dec 20 09:55:31 GMT 2024","1","","DataTypeAdapter","","DataTypeAdapter","","IbyteToCbyteValidationOfResults",""
"passed","Fri Dec 20 09:55:45 GMT 2024","Fri Dec 20 09:55:45 GMT 2024","0","","GNSSBlockFactoryTest","","GNSSBlockFactoryTest","","InstantiateGpsL1CaTelemetryDecoder",""
"passed","Fri Dec 20 09:52:23 GMT 2024","Fri Dec 20 09:52:23 GMT 2024","4","","GalileoE1Pcps8msAmbiguousAcquisitionGSoC2013Test","","GalileoE1Pcps8msAmbiguousAcquisitionGSoC2013Test","","Instantiate",""
"failed","Fri Dec 20 09:55:46 GMT 2024","Fri Dec 20 09:55:46 GMT 2024","0","","FirFilterTest","","FirFilterTest","","ConnectAndRunCbyteGrcomplex",""
"passed","Fri Dec 20 09:55:31 GMT 2024","Fri Dec 20 09:55:31 GMT 2024","0","","RinexPrinterTest","","RinexPrinterTest","","GpsObsLogDualBand",""
"passed","Fri Dec 20 09:55:45 GMT 2024","Fri Dec 20 09:55:45 GMT 2024","0","","ReedSolomonE6BTest","","ReedSolomonE6BTest","","Decode111ErrorsCustomConstructor",""
"passed","Fri Dec 20 09:55:12 GMT 2024","Fri Dec 20 09:55:12 GMT 2024","75","","GpsL1CaPcpsQuickSyncAcquisitionGSoC2014Test","","GpsL1CaPcpsQuickSyncAcquisitionGSoC2014Test","","ValidationOfResults",""
"passed","Fri Dec 20 09:55:31 GMT 2024","Fri Dec 20 09:55:31 GMT 2024","1","","DataTypeAdapter","","DataTypeAdapter","","IbyteToCshortValidationOfResults",""
"passed","Fri Dec 20 09:52:16 GMT 2024","Fri Dec 20 09:52:16 GMT 2024","27","","CodeGenerationTest","","CodeGenerationTest","","CodeGenGPSL1Test",""
"passed","Fri Dec 20 09:55:12 GMT 2024","Fri Dec 20 09:55:12 GMT 2024","61","","GpsL1CaPcpsQuickSyncAcquisitionGSoC2014Test","","GpsL1CaPcpsQuickSyncAcquisitionGSoC2014Test","","ValidationOfResultsWithNoise",""
"passed","Fri Dec 20 09:55:31 GMT 2024","Fri Dec 20 09:55:31 GMT 2024","0","","Serdes_Monitor_Pvt_Test","","Serdes_Monitor_Pvt_Test","","GalileoEphemerisSerdes",""
"passed","Fri Dec 20 09:55:12 GMT 2024","Fri Dec 20 09:55:15 GMT 2024","3057","","GpsL1CaPcpsQuickSyncAcquisitionGSoC2014Test","","GpsL1CaPcpsQuickSyncAcquisitionGSoC2014Test","","ValidationOfResultsProbabilities",""
"failed","Fri Dec 20 09:55:45 GMT 2024","Fri Dec 20 09:55:45 GMT 2024","0","","ControlThreadTest","","ControlThreadTest","","StopReceiverProgrammatically",""
"passed","Fri Dec 20 09:55:45 GMT 2024","Fri Dec 20 09:55:45 GMT 2024","0","","TrackingLoopFilterTest","","TrackingLoopFilterTest","","ThirdOrderLoopWithLastIntegrator",""
"passed","Fri Dec 20 09:55:31 GMT 2024","Fri Dec 20 09:55:32 GMT 2024","959","","CpuMulticorrelatorRealCodesTest","","CpuMulticorrelatorRealCodesTest","","MeasureExecutionTimeAlloc",""
"passed","Fri Dec 20 09:55:12 GMT 2024","Fri Dec 20 09:55:12 GMT 2024","5","","GpsL1CaPcpsQuickSyncAcquisitionGSoC2014Test","","GpsL1CaPcpsQuickSyncAcquisitionGSoC2014Test","","ConnectAndRun",""
"passed","Fri Dec 20 09:55:31 GMT 2024","Fri Dec 20 09:55:31 GMT 2024","0","","GnssCryptoTest","","GnssCryptoTest","","TestComputeCMAC_AES",""
"passed","Fri Dec 20 09:55:45 GMT 2024","Fri Dec 20 09:55:45 GMT 2024","0","","GNSSBlockFactoryTest","","GNSSBlockFactoryTest","","InstantiateWrongTelemetryDecoder",""
"passed","Fri Dec 20 09:55:45 GMT 2024","Fri Dec 20 09:55:45 GMT 2024","3","","GNSSBlockFactoryTest","","GNSSBlockFactoryTest","","InstantiateGpsL1CaPcpsQuickSyncAcquisition",""
"passed","Fri Dec 20 09:52:23 GMT 2024","Fri Dec 20 09:52:23 GMT 2024","0","","InMemoryConfiguration","","InMemoryConfiguration","","RetrieveSizeTFail",""
"passed","Fri Dec 20 09:55:45 GMT 2024","Fri Dec 20 09:55:45 GMT 2024","4","","HAS_Test","","HAS_Test","","Decoder",""
"passed","Fri Dec 20 09:54:25 GMT 2024","Fri Dec 20 09:54:25 GMT 2024","4","","GalileoE5bPcpsAcquisitionTest","","GalileoE5bPcpsAcquisitionTest","","ConnectAndRun",""
"passed","Fri Dec 20 09:55:46 GMT 2024","Fri Dec 20 09:55:46 GMT 2024","0","","GalileoE1DllPllVemlTrackingInternalTest","","GalileoE1DllPllVemlTrackingInternalTest","","Instantiate",""
"passed","Fri Dec 20 09:54:25 GMT 2024","Fri Dec 20 09:54:25 GMT 2024","429","","GalileoE6PcpsAcquisitionTest","","GalileoE6PcpsAcquisitionTest","","ValidationOfResults",""
"passed","Fri Dec 20 09:55:31 GMT 2024","Fri Dec 20 09:55:31 GMT 2024","9","","DirectResamplerConditionerCcTest","","DirectResamplerConditionerCcTest","","InstantiationAndRunTest",""
"passed","Fri Dec 20 09:55:31 GMT 2024","Fri Dec 20 09:55:31 GMT 2024","33","","MmseResamplerTest","","MmseResamplerTest","","InstantiationAndRunTest2",""
"passed","Fri Dec 20 09:55:46 GMT 2024","Fri Dec 20 09:55:46 GMT 2024","50","","NotchFilterTest","","NotchFilterTest","","ConnectAndRun",""
"passed","Fri Dec 20 09:54:25 GMT 2024","Fri Dec 20 09:55:09 GMT 2024","44070","","GlonassL1CaPcpsAcquisitionGSoC2017Test","","GlonassL1CaPcpsAcquisitionGSoC2017Test","","ValidationOfResultsProbabilities",""
"failed","Fri Dec 20 09:55:46 GMT 2024","Fri Dec 20 09:55:46 GMT 2024","0","","FirFilterTest","","FirFilterTest","","ConnectAndRunCbytes",""
"passed","Fri Dec 20 09:55:46 GMT 2024","Fri Dec 20 09:55:46 GMT 2024","92","","GalileoE1PcpsAmbiguousAcquisitionTest","","GalileoE1PcpsAmbiguousAcquisitionTest","","ConnectAndRun",""
"passed","Fri Dec 20 09:55:31 GMT 2024","Fri Dec 20 09:55:31 GMT 2024","0","","RtcmPrinterTest","","RtcmPrinterTest","","Run",""
"passed","Fri Dec 20 09:55:31 GMT 2024","Fri Dec 20 09:55:31 GMT 2024","0","","OsnmaMsgReceiverTest","","OsnmaMsgReceiverTest","","ComputeBaseLeaf",""
"passed","Fri Dec 20 09:55:45 GMT 2024","Fri Dec 20 09:55:45 GMT 2024","0","","GNSSBlockFactoryTest","","GNSSBlockFactoryTest","","InstantiateSignalConditioner",""
"passed","Fri Dec 20 09:55:46 GMT 2024","Fri Dec 20 09:55:46 GMT 2024","0","","FileSignalSource","","FileSignalSource","","InstantiateFileNotExists",""
"passed","Fri Dec 20 09:54:24 GMT 2024","Fri Dec 20 09:54:24 GMT 2024","4","","GalileoE5aPcpsAcquisitionGSoC2014GensourceTest","","GalileoE5aPcpsAcquisitionGSoC2014GensourceTest","","Instantiate",""
"passed","Fri Dec 20 09:55:45 GMT 2024","Fri Dec 20 09:55:45 GMT 2024","0","","GNSSBlockFactoryTest","","GNSSBlockFactoryTest","","InstantiateWrongPvt3",""
"passed","Fri Dec 20 09:55:46 GMT 2024","Fri Dec 20 09:55:46 GMT 2024","0","","FileSignalSource","","FileSignalSource","","Instantiate",""
"passed","Fri Dec 20 09:55:31 GMT 2024","Fri Dec 20 09:55:31 GMT 2024","100","","ValveTest","","ValveTest","","CheckEventSentAfter100Samples",""
"passed","Fri Dec 20 09:55:31 GMT 2024","Fri Dec 20 09:55:31 GMT 2024","0","","RtcmTest","","RtcmTest","","MT1001",""
"passed","Fri Dec 20 09:52:23 GMT 2024","Fri Dec 20 09:52:23 GMT 2024","0","","StringConverterTest","","StringConverterTest","","StringToSizeT",""
"passed","Fri Dec 20 09:55:46 GMT 2024","Fri Dec 20 09:55:46 GMT 2024","0","","FirFilterTest","","FirFilterTest","","InstantiateCshortCshort",""
"passed","Fri Dec 20 09:52:23 GMT 2024","Fri Dec 20 09:52:23 GMT 2024","381","","GalileoE1Pcps8msAmbiguousAcquisitionGSoC2013Test","","GalileoE1Pcps8msAmbiguousAcquisitionGSoC2013Test","","ValidationOfResults",""
"passed","Fri Dec 20 09:55:45 GMT 2024","Fri Dec 20 09:55:45 GMT 2024","0","","FileConfigurationTest","","FileConfigurationTest","","LoadFromNonExistentFile",""
"passed","Fri Dec 20 09:52:23 GMT 2024","Fri Dec 20 09:52:23 GMT 2024","0","","MultiplyTest","","MultiplyTest","","ArmadilloComplexImplementation",""
"passed","Fri Dec 20 09:53:10 GMT 2024","Fri Dec 20 09:53:21 GMT 2024","10881","","GalileoE1PcpsQuickSyncAmbiguousAcquisitionGSoC2014Test","","GalileoE1PcpsQuickSyncAmbiguousAcquisitionGSoC2014Test","","ValidationOfResultsProbabilities",""
"passed","Fri Dec 20 09:53:21 GMT 2024","Fri Dec 20 09:53:21 GMT 2024","4","","GalileoE1PcpsTongAmbiguousAcquisitionGSoC2013Test","","GalileoE1PcpsTongAmbiguousAcquisitionGSoC2013Test","","ConnectAndRun",""
"passed","Fri Dec 20 09:55:31 GMT 2024","Fri Dec 20 09:55:31 GMT 2024","0","","ItemTypeHelpersTest","","ItemTypeHelpersTest","","CheckConversionsReal",""
"passed","Fri Dec 20 09:52:23 GMT 2024","Fri Dec 20 09:52:23 GMT 2024","0","","InMemoryConfiguration","","InMemoryConfiguration","","RetrieveBool",""
"passed","Fri Dec 20 09:52:16 GMT 2024","Fri Dec 20 09:52:16 GMT 2024","0","","ConjugateTest","","ConjugateTest","","ArmadilloComplexImplementation",""
"failed","Fri Dec 20 09:55:45 GMT 2024","Fri Dec 20 09:55:45 GMT 2024","235","","GNSSFlowgraph","","GNSSFlowgraph","","InstantiateConnectStartStopGalileoE1B",""
"passed","Fri Dec 20 09:55:33 GMT 2024","Fri Dec 20 09:55:33 GMT 2024","742","","CpuMulticorrelatorTest","","CpuMulticorrelatorTest","","MeasureExecutionTimeAlloc",""
"passed","Fri Dec 20 09:55:31 GMT 2024","Fri Dec 20 09:55:31 GMT 2024","0","","RtcmTest","","RtcmTest","","MSM1",""
"passed","Fri Dec 20 09:55:31 GMT 2024","Fri Dec 20 09:55:31 GMT 2024","0","","RtcmTest","","RtcmTest","","BinToHex",""
"passed","Fri Dec 20 09:55:31 GMT 2024","Fri Dec 20 09:55:31 GMT 2024","0","","RinexPrinterTest","","RinexPrinterTest","","GlonassObsLog",""
"passed","Fri Dec 20 09:55:45 GMT 2024","Fri Dec 20 09:55:45 GMT 2024","0","","ReedSolomonE1BTest","","ReedSolomonE1BTest","","EncodeWithPoly",""
"passed","Fri Dec 20 09:55:46 GMT 2024","Fri Dec 20 09:55:46 GMT 2024","4","","GalileoE1PcpsAmbiguousAcquisitionGSoCTest","","GalileoE1PcpsAmbiguousAcquisitionGSoCTest","","Instantiate",""
"passed","Fri Dec 20 09:55:31 GMT 2024","Fri Dec 20 09:55:31 GMT 2024","0","","GnssCryptoTest","","GnssCryptoTest","","VerifySignatureP256",""
"passed","Fri Dec 20 09:55:31 GMT 2024","Fri Dec 20 09:55:31 GMT 2024","1","","DataTypeAdapter","","DataTypeAdapter","","IshortToComplexValidationOfResults",""
"passed","Fri Dec 20 09:52:57 GMT 2024","Fri Dec 20 09:52:57 GMT 2024","4","","GalileoE1PcpsCccwsrAmbiguousAcquisitionTest","","GalileoE1PcpsCccwsrAmbiguousAcquisitionTest","","Instantiate",""
"passed","Fri Dec 20 09:52:49 GMT 2024","Fri Dec 20 09:52:56 GMT 2024","7429","","GalileoE1PcpsAmbiguousAcquisitionGSoC2013Test","","GalileoE1PcpsAmbiguousAcquisitionGSoC2013Test","","ValidationOfResultsProbabilities",""
"passed","Fri Dec 20 09:55:45 GMT 2024","Fri Dec 20 09:55:45 GMT 2024","0","","GlonassGnavEphemerisTest","","GlonassGnavEphemerisTest","","ComputeGlonassTime2019",""
"passed","Fri Dec 20 09:55:31 GMT 2024","Fri Dec 20 09:55:31 GMT 2024","0","","RtcmTest","","RtcmTest","","InstantiateServerWithoutClosing",""
"passed","Fri Dec 20 09:55:31 GMT 2024","Fri Dec 20 09:55:31 GMT 2024","0","","GnssCryptoTest","","GnssCryptoTest","","TestComputeHMACSHA256",""
"passed","Fri Dec 20 09:52:23 GMT 2024","Fri Dec 20 09:52:23 GMT 2024","1","","MultiplyTest","","MultiplyTest","","StandardCDoubleImplementation",""
"passed","Fri Dec 20 09:55:45 GMT 2024","Fri Dec 20 09:55:45 GMT 2024","0","","GlonassGnavEphemerisTest","","GlonassGnavEphemerisTest","","ConvertGlonassT2GpsT3",""
"passed","Fri Dec 20 09:55:31 GMT 2024","Fri Dec 20 09:55:31 GMT 2024","3","","Galileo_FNAV_INAV_test","","Galileo_FNAV_INAV_test","","ValidationOfResults",""
"passed","Fri Dec 20 09:55:45 GMT 2024","Fri Dec 20 09:55:45 GMT 2024","0","","ReedSolomonE6BTest","","ReedSolomonE6BTest","","Decode111Errors",""
"passed","Fri Dec 20 09:55:45 GMT 2024","Fri Dec 20 09:55:45 GMT 2024","0","","ReedSolomonE6BTest","","ReedSolomonE6BTest","","EncodeWithCustomMatrix",""
"passed","Fri Dec 20 09:52:16 GMT 2024","Fri Dec 20 09:52:16 GMT 2024","20","","CodeGenerationTest","","CodeGenerationTest","","ComplexConjugateTest",""
"passed","Fri Dec 20 09:55:45 GMT 2024","Fri Dec 20 09:55:45 GMT 2024","0","","ReedSolomonE6BTest","","ReedSolomonE6BTest","","Decode1Error",""
"failed","Fri Dec 20 09:55:46 GMT 2024","Fri Dec 20 09:55:46 GMT 2024","0","","FirFilterTest","","FirFilterTest","","ConnectAndRunCshorts",""
"passed","Fri Dec 20 09:55:45 GMT 2024","Fri Dec 20 09:55:45 GMT 2024","0","","GlonassGnavNavigationMessageTest","","GlonassGnavNavigationMessageTest","","String1Decoder",""
"passed","Fri Dec 20 09:55:46 GMT 2024","Fri Dec 20 09:55:46 GMT 2024","1","","NotchFilterTest","","NotchFilterTest","","InstantiateGrComplexGrComplex",""
"passed","Fri Dec 20 09:52:16 GMT 2024","Fri Dec 20 09:52:16 GMT 2024","0","","ConjugateTest","","ConjugateTest","","VolkComplexImplementation",""
"passed","Fri Dec 20 09:52:23 GMT 2024","Fri Dec 20 09:52:49 GMT 2024","25466","","GalileoE1Pcps8msAmbiguousAcquisitionGSoC2013Test","","GalileoE1Pcps8msAmbiguousAcquisitionGSoC2013Test","","ValidationOfResultsProbabilities",""
"passed","Fri Dec 20 09:52:23 GMT 2024","Fri Dec 20 09:52:23 GMT 2024","1","","MagnitudeSquaredTest","","MagnitudeSquaredTest","","StandardCComplexImplementation",""
"passed","Fri Dec 20 09:55:45 GMT 2024","Fri Dec 20 09:55:45 GMT 2024","0","","GNSSBlockFactoryTest","","GNSSBlockFactoryTest","","InstantiateWrongSignalConditioner",""
"passed","Fri Dec 20 09:55:45 GMT 2024","Fri Dec 20 09:55:45 GMT 2024","0","","GNSSBlockFactoryTest","","GNSSBlockFactoryTest","","InstantiateWrongResampler",""
"passed","Fri Dec 20 09:53:10 GMT 2024","Fri Dec 20 09:53:10 GMT 2024","624","","GalileoE1PcpsQuickSyncAmbiguousAcquisitionGSoC2014Test","","GalileoE1PcpsQuickSyncAmbiguousAcquisitionGSoC2014Test","","ValidationOfResultsWithNoise",""
"passed","Fri Dec 20 09:55:12 GMT 2024","Fri Dec 20 09:55:12 GMT 2024","4","","GpsL1CaPcpsQuickSyncAcquisitionGSoC2014Test","","GpsL1CaPcpsQuickSyncAcquisitionGSoC2014Test","","Instantiate",""
"passed","Fri Dec 20 09:55:31 GMT 2024","Fri Dec 20 09:55:31 GMT 2024","0","","RtcmTest","","RtcmTest","","BinToInt",""
"passed","Fri Dec 20 09:52:16 GMT 2024","Fri Dec 20 09:52:16 GMT 2024","0","","CodeGenerationTest","","CodeGenerationTest","","GalileoE6BTest",""
"passed","Fri Dec 20 09:55:45 GMT 2024","Fri Dec 20 09:55:45 GMT 2024","0","","FileConfigurationTest","","FileConfigurationTest","","PropertyDoesNotExist",""
"passed","Fri Dec 20 09:55:45 GMT 2024","Fri Dec 20 09:55:45 GMT 2024","0","","GNSSBlockFactoryTest","","GNSSBlockFactoryTest","","InstantiateDirectResampler",""
"passed","Fri Dec 20 09:52:16 GMT 2024","Fri Dec 20 09:52:16 GMT 2024","2","","MatioTest","","MatioTest","","WriteAndReadDoubles",""
"passed","Fri Dec 20 09:55:45 GMT 2024","Fri Dec 20 09:55:45 GMT 2024","0","","GNSSBlockFactoryTest","","GNSSBlockFactoryTest","","InstantiateEmptyTelemetryDecoder",""
"passed","Fri Dec 20 09:55:31 GMT 2024","Fri Dec 20 09:55:31 GMT 2024","0","","NmeaPrinterTest","","NmeaPrinterTest","","PrintLine",""
"passed","Fri Dec 20 09:55:31 GMT 2024","Fri Dec 20 09:55:31 GMT 2024","0","","RinexPrinterTest","","RinexPrinterTest","","MixedObsLogGpsGlo",""
"passed","Fri Dec 20 09:54:25 GMT 2024","Fri Dec 20 09:54:25 GMT 2024","5","","GalileoE6PcpsAcquisitionTest","","GalileoE6PcpsAcquisitionTest","","Instantiate",""
"passed","Fri Dec 20 09:52:16 GMT 2024","Fri Dec 20 09:52:21 GMT 2024","4845","","FFTLengthTest","","FFTLengthTest","","MeasureExecutionTime",""
"passed","Fri Dec 20 09:55:45 GMT 2024","Fri Dec 20 09:55:45 GMT 2024","0","","GNSSBlockFactoryTest","","GNSSBlockFactoryTest","","InstantiateGpsL1CaDllPllTracking",""
"passed","Fri Dec 20 09:55:45 GMT 2024","Fri Dec 20 09:55:45 GMT 2024","8","","GNSSBlockFactoryTest","","GNSSBlockFactoryTest","","InstantiateChannels",""
"passed","Fri Dec 20 09:55:46 GMT 2024","Fri Dec 20 09:55:46 GMT 2024","0","","FirFilterTest","","FirFilterTest","","InstantiateCbyteGrComplex",""
"passed","Fri Dec 20 09:52:16 GMT 2024","Fri Dec 20 09:52:16 GMT 2024","1","","MatioTest","","MatioTest","","WriteAndReadGrComplex",""
"passed","Fri Dec 20 09:55:10 GMT 2024","Fri Dec 20 09:55:10 GMT 2024","4","","GpsL1CaPcpsAcquisitionGSoC2013Test","","GpsL1CaPcpsAcquisitionGSoC2013Test","","ConnectAndRun",""
"passed","Fri Dec 20 09:55:45 GMT 2024","Fri Dec 20 09:55:45 GMT 2024","0","","GNSSBlockFactoryTest","","GNSSBlockFactoryTest","","InstantiateWrongObservables3",""
"passed","Fri Dec 20 09:52:23 GMT 2024","Fri Dec 20 09:52:23 GMT 2024","0","","InMemoryConfiguration","","InMemoryConfiguration","","StoreAndRetrieve",""
"passed","Fri Dec 20 09:55:31 GMT 2024","Fri Dec 20 09:55:31 GMT 2024","0","","RtcmTest","","RtcmTest","","MSMCell",""
"passed","Fri Dec 20 09:53:10 GMT 2024","Fri Dec 20 09:53:10 GMT 2024","4","","GalileoE1PcpsQuickSyncAmbiguousAcquisitionGSoC2014Test","","GalileoE1PcpsQuickSyncAmbiguousAcquisitionGSoC2014Test","","ConnectAndRun",""
"passed","Fri Dec 20 09:55:10 GMT 2024","Fri Dec 20 09:55:10 GMT 2024","23","","GpsL1CaPcpsAcquisitionGSoC2013Test","","GpsL1CaPcpsAcquisitionGSoC2013Test","","ValidationOfResults",""
"passed","Fri Dec 20 09:55:31 GMT 2024","Fri Dec 20 09:55:31 GMT 2024","0","","RtcmTest","","RtcmTest","","HexToBin",""
"passed","Fri Dec 20 09:53:10 GMT 2024","Fri Dec 20 09:53:10 GMT 2024","4","","GalileoE1PcpsQuickSyncAmbiguousAcquisitionGSoC2014Test","","GalileoE1PcpsQuickSyncAmbiguousAcquisitionGSoC2014Test","","Instantiate",""
"passed","Fri Dec 20 09:55:45 GMT 2024","Fri Dec 20 09:55:45 GMT 2024","0","","TrackingLoopFilterTest","","TrackingLoopFilterTest","","SecondOrderLoopWithLastIntegrator",""
"passed","Fri Dec 20 09:52:23 GMT 2024","Fri Dec 20 09:52:23 GMT 2024","0","","InMemoryConfiguration","","InMemoryConfiguration","","RetrieveSizeTNoDefine",""
"passed","Fri Dec 20 09:55:45 GMT 2024","Fri Dec 20 09:55:45 GMT 2024","0","","GlonassGnavEphemerisTest","","GlonassGnavEphemerisTest","","ConvertGlonassT2GpsT1",""
"passed","Fri Dec 20 09:55:45 GMT 2024","Fri Dec 20 09:55:45 GMT 2024","0","","GNSSBlockFactoryTest","","GNSSBlockFactoryTest","","InstantiateWrongSignalSource",""
"passed","Fri Dec 20 09:55:31 GMT 2024","Fri Dec 20 09:55:31 GMT 2024","0","","RinexPrinterTest","","RinexPrinterTest","","MixedObsHeader",""
"passed","Fri Dec 20 09:55:45 GMT 2024","Fri Dec 20 09:55:45 GMT 2024","1","","GNSSBlockFactoryTest","","GNSSBlockFactoryTest","","InstantiateNotchFilter",""
"passed","Fri Dec 20 09:52:23 GMT 2024","Fri Dec 20 09:52:23 GMT 2024","1","","MultiplyTest","","MultiplyTest","","StandardCComplexImplementation",""
"passed","Fri Dec 20 09:55:15 GMT 2024","Fri Dec 20 09:55:15 GMT 2024","5","","GpsL1CaPcpsTongAcquisitionGSoC2013Test","","GpsL1CaPcpsTongAcquisitionGSoC2013Test","","ConnectAndRun",""
"passed","Fri Dec 20 09:53:10 GMT 2024","Fri Dec 20 09:53:10 GMT 2024","156","","GalileoE1PcpsQuickSyncAmbiguousAcquisitionGSoC2014Test","","GalileoE1PcpsQuickSyncAmbiguousAcquisitionGSoC2014Test","","ValidationOfResults",""
"passed","Fri Dec 20 09:55:31 GMT 2024","Fri Dec 20 09:55:31 GMT 2024","1","","RinexPrinterTest","","RinexPrinterTest","","GalileoObsHeader",""
"passed","Fri Dec 20 09:55:45 GMT 2024","Fri Dec 20 09:55:45 GMT 2024","4","","GNSSBlockFactoryTest","","GNSSBlockFactoryTest","","InstantiateGalileoE1PcpsAmbiguousAcquisition",""
"failed","Fri Dec 20 09:55:46 GMT 2024","Fri Dec 20 09:55:46 GMT 2024","1","","NotchFilterTest","","NotchFilterTest","","ConnectAndRunGrcomplex",""
"passed","Fri Dec 20 09:55:31 GMT 2024","Fri Dec 20 09:55:31 GMT 2024","1","","DataTypeAdapter","","DataTypeAdapter","","IshortToCshortValidationOfResults",""
"passed","Fri Dec 20 09:55:31 GMT 2024","Fri Dec 20 09:55:31 GMT 2024","0","","GnssCryptoTest","","GnssCryptoTest","","TestComputeHMACSHA256_m0",""
"passed","Fri Dec 20 09:55:31 GMT 2024","Fri Dec 20 09:55:31 GMT 2024","0","","ItemTypeHelpersTest","","ItemTypeHelpersTest","","CheckSizes",""
"passed","Fri Dec 20 09:55:31 GMT 2024","Fri Dec 20 09:55:31 GMT 2024","0","","OsnmaMsgReceiverTest","","OsnmaMsgReceiverTest","","ComputeMerkleRoot",""
"passed","Fri Dec 20 09:55:45 GMT 2024","Fri Dec 20 09:55:45 GMT 2024","0","","GlonassGnavNavigationMessageTest","","GlonassGnavNavigationMessageTest","","String5Decoder",""
"passed","Fri Dec 20 09:55:45 GMT 2024","Fri Dec 20 09:55:45 GMT 2024","3","","GNSSBlockFactoryTest","","GNSSBlockFactoryTest","","InstantiateGpsL1CaPcpsAcquisition",""
"passed","Fri Dec 20 09:55:15 GMT 2024","Fri Dec 20 09:55:15 GMT 2024","4","","GpsL1CaPcpsTongAcquisitionGSoC2013Test","","GpsL1CaPcpsTongAcquisitionGSoC2013Test","","Instantiate",""
"passed","Fri Dec 20 09:55:45 GMT 2024","Fri Dec 20 09:55:45 GMT 2024","0","","ReedSolomonE1BTest","","ReedSolomonE1BTest","","DecodeErasureCorrectionCase2",""
"passed","Fri Dec 20 09:55:46 GMT 2024","Fri Dec 20 09:55:46 GMT 2024","70","","GalileoE1PcpsAmbiguousAcquisitionGSoCTest","","GalileoE1PcpsAmbiguousAcquisitionGSoCTest","","ConnectAndRun",""
"passed","Fri Dec 20 09:52:23 GMT 2024","Fri Dec 20 09:52:23 GMT 2024","0","","MultiplyTest","","MultiplyTest","","VolkComplexImplementationAlloc",""
"passed","Fri Dec 20 09:55:45 GMT 2024","Fri Dec 20 09:55:45 GMT 2024","0","","GNSSBlockFactoryTest","","GNSSBlockFactoryTest","","InstantiateWrongObservables2",""
"passed","Fri Dec 20 09:55:31 GMT 2024","Fri Dec 20 09:55:32 GMT 2024","950","","CpuMulticorrelatorRealCodesTest","","CpuMulticorrelatorRealCodesTest","","MeasureExecutionTime",""
"passed","Fri Dec 20 09:55:31 GMT 2024","Fri Dec 20 09:55:31 GMT 2024","0","","RtcmTest","","RtcmTest","","MT1005",""
"passed","Fri Dec 20 09:55:45 GMT 2024","Fri Dec 20 09:55:45 GMT 2024","0","","TrackingLoopFilterTest","","TrackingLoopFilterTest","","FirstOrderLoopWithLastIntegrator",""
"passed","Fri Dec 20 09:55:46 GMT 2024","Fri Dec 20 09:55:46 GMT 2024","1","","NotchFilterLiteTest","","NotchFilterLiteTest","","InstantiateGrComplexGrComplex",""
"passed","Fri Dec 20 09:55:46 GMT 2024","Fri Dec 20 09:55:46 GMT 2024","30","","NotchFilterLiteTest","","NotchFilterLiteTest","","ConnectAndRun",""
"passed","Fri Dec 20 09:52:23 GMT 2024","Fri Dec 20 09:52:23 GMT 2024","0","","InMemoryConfiguration","","InMemoryConfiguration","","RetrieveBoolNoDefine",""
"passed","Fri Dec 20 09:52:23 GMT 2024","Fri Dec 20 09:52:23 GMT 2024","0","","MagnitudeSquaredTest","","MagnitudeSquaredTest","","VolkComplexImplementation",""
"passed","Fri Dec 20 09:55:45 GMT 2024","Fri Dec 20 09:55:45 GMT 2024","0","","GlonassGnavNavigationMessageTest","","GlonassGnavNavigationMessageTest","","String2Decoder",""
"passed","Fri Dec 20 09:55:31 GMT 2024","Fri Dec 20 09:55:31 GMT 2024","0","","ItemTypeHelpersTest","","ItemTypeHelpersTest","","CheckValidTypes",""
"passed","Fri Dec 20 09:55:45 GMT 2024","Fri Dec 20 09:55:45 GMT 2024","0","","GalileoISMTest","","GalileoISMTest","","CRC",""
"passed","Fri Dec 20 09:52:23 GMT 2024","Fri Dec 20 09:52:23 GMT 2024","0","","StringConverterTest","","StringConverterTest","","StringToSizeTFail",""
"passed","Fri Dec 20 09:52:16 GMT 2024","Fri Dec 20 09:52:16 GMT 2024","0","","ConjugateTest","","ConjugateTest","","StandardCComplexImplementation",""
"passed","Fri Dec 20 09:55:31 GMT 2024","Fri Dec 20 09:55:31 GMT 2024","2","","GnssCryptoTest","","GnssCryptoTest","","VerifyPublicKeyStorage",""
"passed","Fri Dec 20 09:55:45 GMT 2024","Fri Dec 20 09:55:45 GMT 2024","0","","ReedSolomonE6BTest","","ReedSolomonE6BTest","","EncodeWithCustomPoly",""
"passed","Fri Dec 20 09:55:31 GMT 2024","Fri Dec 20 09:55:31 GMT 2024","0","","ItemTypeHelpersTest","","ItemTypeHelpersTest","","CheckMakeConverters",""
"passed","Fri Dec 20 09:55:34 GMT 2024","Fri Dec 20 09:55:34 GMT 2024","0","","CosBocCorrelationFunction","","CosBocCorrelationFunction","","FixedPoints",""
"passed","Fri Dec 20 09:52:23 GMT 2024","Fri Dec 20 09:52:23 GMT 2024","0","","StringConverterTest","","StringConverterTest","","StringToBool",""
"passed","Fri Dec 20 09:55:46 GMT 2024","Fri Dec 20 09:55:46 GMT 2024","14","","PulseBlankingFilterTest","","PulseBlankingFilterTest","","ConnectAndRun",""
"passed","Fri Dec 20 09:52:23 GMT 2024","Fri Dec 20 09:52:23 GMT 2024","0","","MagnitudeSquaredTest","","MagnitudeSquaredTest","","C11ComplexImplementation",""
"passed","Fri Dec 20 09:55:45 GMT 2024","Fri Dec 20 09:55:45 GMT 2024","0","","ReedSolomonE1BTest","","ReedSolomonE1BTest","","EncodeWithCustomPoly",""
"passed","Fri Dec 20 09:52:16 GMT 2024","Fri Dec 20 09:52:16 GMT 2024","2","","ComplexCarrierTest","","ComplexCarrierTest","","OwnComplexImplementation",""
"passed","Fri Dec 20 09:52:16 GMT 2024","Fri Dec 20 09:52:16 GMT 2024","5","","ComplexCarrierTest","","ComplexCarrierTest","","StandardComplexImplementation",""
"passed","Fri Dec 20 09:52:23 GMT 2024","Fri Dec 20 09:52:23 GMT 2024","0","","MultiplyTest","","MultiplyTest","","C11ComplexImplementation",""
"passed","Fri Dec 20 09:52:23 GMT 2024","Fri Dec 20 09:52:23 GMT 2024","0","","Protobuf","","Protobuf","","Works",""
"passed","Fri Dec 20 09:55:31 GMT 2024","Fri Dec 20 09:55:31 GMT 2024","0","","Geohash_Test","","Geohash_Test","","Decode",""
"passed","Fri Dec 20 09:55:31 GMT 2024","Fri Dec 20 09:55:31 GMT 2024","0","","RtcmTest","","RtcmTest","","HexToInt",""
"failed","Fri Dec 20 09:55:45 GMT 2024","Fri Dec 20 09:55:45 GMT 2024","86","","GNSSFlowgraph","","GNSSFlowgraph","","InstantiateConnectStartStop",""
"passed","Fri Dec 20 09:55:31 GMT 2024","Fri Dec 20 09:55:31 GMT 2024","0","","OsnmaMsgReceiverTest","","OsnmaMsgReceiverTest","","TagVerification",""
"passed","Fri Dec 20 09:52:57 GMT 2024","Fri Dec 20 09:52:57 GMT 2024","296","","GalileoE1PcpsCccwsrAmbiguousAcquisitionTest","","GalileoE1PcpsCccwsrAmbiguousAcquisitionTest","","ValidationOfResults",""
"passed","Fri Dec 20 09:55:31 GMT 2024","Fri Dec 20 09:55:31 GMT 2024","0","","RtcmTest","","RtcmTest","","BinToUint",""
"passed","Fri Dec 20 09:55:45 GMT 2024","Fri Dec 20 09:55:45 GMT 2024","0","","ReedSolomonE1BTest","","ReedSolomonE1BTest","","DecodeErasureCorrectionCase3",""
"passed","Fri Dec 20 09:55:45 GMT 2024","Fri Dec 20 09:55:45 GMT 2024","0","","GlonassGnavEphemerisTest","","GlonassGnavEphemerisTest","","ComputeGlonassTime",""
"passed","Fri Dec 20 09:55:45 GMT 2024","Fri Dec 20 09:55:45 GMT 2024","0","","GNSSBlockFactoryTest","","GNSSBlockFactoryTest","","InstantiateObservables",""
"passed","Fri Dec 20 09:55:31 GMT 2024","Fri Dec 20 09:55:31 GMT 2024","0","","RtcmTest","","RtcmTest","","BinToBinaryData",""
"passed","Fri Dec 20 09:55:45 GMT 2024","Fri Dec 20 09:55:45 GMT 2024","0","","GNSSBlockFactoryTest","","GNSSBlockFactoryTest","","InstantiateWrongObservables",""
"passed","Fri Dec 20 09:55:45 GMT 2024","Fri Dec 20 09:55:45 GMT 2024","0","","ReedSolomonE1BTest","","ReedSolomonE1BTest","","Decode30Errors",""
"failed","Fri Dec 20 09:55:46 GMT 2024","Fri Dec 20 09:55:46 GMT 2024","4","","GalileoE1PcpsAmbiguousAcquisitionTest","","GalileoE1PcpsAmbiguousAcquisitionTest","","ValidationOfResults",""
"passed","Fri Dec 20 09:55:45 GMT 2024","Fri Dec 20 09:55:45 GMT 2024","0","","ReedSolomonE6BTest","","ReedSolomonE6BTest","","EncodeWithGenMatrix",""
"passed","Fri Dec 20 09:52:57 GMT 2024","Fri Dec 20 09:52:57 GMT 2024","5","","GalileoE1PcpsCccwsrAmbiguousAcquisitionTest","","GalileoE1PcpsCccwsrAmbiguousAcquisitionTest","","ConnectAndRun",""
"passed","Fri Dec 20 09:54:25 GMT 2024","Fri Dec 20 09:54:25 GMT 2024","4","","GlonassL1CaPcpsAcquisitionGSoC2017Test","","GlonassL1CaPcpsAcquisitionGSoC2017Test","","ConnectAndRun",""
"passed","Fri Dec 20 09:52:23 GMT 2024","Fri Dec 20 09:52:23 GMT 2024","0","","InMemoryConfiguration","","InMemoryConfiguration","","IsPresent",""
"passed","Fri Dec 20 09:55:45 GMT 2024","Fri Dec 20 09:55:45 GMT 2024","0","","ReedSolomonE6BTest","","ReedSolomonE6BTest","","EncodeWithGenPoly",""
"passed","Fri Dec 20 09:55:31 GMT 2024","Fri Dec 20 09:55:31 GMT 2024","0","","OsnmaMsgReceiverTest","","OsnmaMsgReceiverTest","","BuildTagMessageM0",""
"passed","Fri Dec 20 09:55:31 GMT 2024","Fri Dec 20 09:55:31 GMT 2024","0","","GnssCryptoTest","","GnssCryptoTest","","TestComputeSHA3_256",""
"passed","Fri Dec 20 09:52:23 GMT 2024","Fri Dec 20 09:52:23 GMT 2024","0","","MagnitudeSquaredTest","","MagnitudeSquaredTest","","ArmadilloComplexImplementation",""
"passed","Fri Dec 20 09:55:45 GMT 2024","Fri Dec 20 09:55:45 GMT 2024","0","","GlonassGnavEphemerisTest","","GlonassGnavEphemerisTest","","ComputeGlonassTime2020",""
"passed","Fri Dec 20 09:55:46 GMT 2024","Fri Dec 20 09:55:48 GMT 2024","1737","","GalileoE1DllPllVemlTrackingInternalTest","","GalileoE1DllPllVemlTrackingInternalTest","","ConnectAndRun",""
"passed","Fri Dec 20 09:52:16 GMT 2024","Fri Dec 20 09:52:16 GMT 2024","0","","ConjugateTest","","ConjugateTest","","C11ComplexImplementation",""
"passed","Fri Dec 20 09:55:45 GMT 2024","Fri Dec 20 09:55:45 GMT 2024","0","","ReedSolomonE1BTest","","ReedSolomonE1BTest","","DecodeErasureCorrectionCase4",""
"passed","Fri Dec 20 09:55:45 GMT 2024","Fri Dec 20 09:55:45 GMT 2024","0","","GNSSBlockFactoryTest","","GNSSBlockFactoryTest","","InstantiateFreqXlatingFIRFilter",""
"passed","Fri Dec 20 09:55:45 GMT 2024","Fri Dec 20 09:55:45 GMT 2024","2","","GNSSBlockFactoryTest","","GNSSBlockFactoryTest","","InstantiateNotchFilterLite",""
"failed","Fri Dec 20 09:55:48 GMT 2024","Fri Dec 20 09:55:48 GMT 2024","0","","GlonassL1CaDllPllCAidTrackingTest","","GlonassL1CaDllPllCAidTrackingTest","","ValidationOfResults",""
"passed","Fri Dec 20 09:55:45 GMT 2024","Fri Dec 20 09:55:45 GMT 2024","0","","GNSSBlockFactoryTest","","GNSSBlockFactoryTest","","InstantiateWrongSignalConditioner2",""
"passed","Fri Dec 20 09:53:21 GMT 2024","Fri Dec 20 09:53:21 GMT 2024","45","","GalileoE1PcpsTongAmbiguousAcquisitionGSoC2013Test","","GalileoE1PcpsTongAmbiguousAcquisitionGSoC2013Test","","Instantiate",""
"passed","Fri Dec 20 09:52:16 GMT 2024","Fri Dec 20 09:52:16 GMT 2024","0","","ConjugateTest","","ConjugateTest","","VolkComplexImplementationAlloc",""
"passed","Fri Dec 20 09:52:23 GMT 2024","Fri Dec 20 09:52:23 GMT 2024","0","","InMemoryConfiguration","","InMemoryConfiguration","","RetrieveSizeT",""
"passed","Fri Dec 20 09:55:45 GMT 2024","Fri Dec 20 09:55:45 GMT 2024","0","","GlonassGnavNavigationMessageTest","","GlonassGnavNavigationMessageTest","","CRCTestSuccess",""
"passed","Fri Dec 20 09:55:48 GMT 2024","Fri Dec 20 09:55:48 GMT 2024","224","","BayesianEstimationPositivityTest","","BayesianEstimationPositivityTest","","BayesianPositivityTest",""
"passed","Fri Dec 20 09:52:23 GMT 2024","Fri Dec 20 09:52:23 GMT 2024","5","","GalileoE1Pcps8msAmbiguousAcquisitionGSoC2013Test","","GalileoE1Pcps8msAmbiguousAcquisitionGSoC2013Test","","ConnectAndRun",""
"passed","Fri Dec 20 09:52:23 GMT 2024","Fri Dec 20 09:52:23 GMT 2024","0","","InMemoryConfiguration","","InMemoryConfiguration","","NoStoringAndRetrieve",""
"passed","Fri Dec 20 09:55:45 GMT 2024","Fri Dec 20 09:55:45 GMT 2024","0","","GlonassGnavEphemerisTest","","GlonassGnavEphemerisTest","","ConvertGlonassT2GpsT5",""
"passed","Fri Dec 20 09:55:15 GMT 2024","Fri Dec 20 09:55:30 GMT 2024","15573","","GpsL1CaPcpsTongAcquisitionGSoC2013Test","","GpsL1CaPcpsTongAcquisitionGSoC2013Test","","ValidationOfResultsProbabilities",""
"failed","Fri Dec 20 09:55:46 GMT 2024","Fri Dec 20 09:55:46 GMT 2024","3","","GpsL1CaPcpsAcquisitionTest","","GpsL1CaPcpsAcquisitionTest","","ValidationOfResults",""
"passed","Sun Dec 22 17:09:42 GMT 2024","Sun Dec 22 18:01:35 GMT 2024","3112751","","TtffTest","","TtffTest","","ColdStart",""
"passed","Fri Dec 20 09:55:31 GMT 2024","Fri Dec 20 09:55:31 GMT 2024","0","","RtcmPrinterTest","","RtcmPrinterTest","","Instantiate",""
"passed","Fri Dec 20 09:52:57 GMT 2024","Fri Dec 20 09:53:09 GMT 2024","12857","","GalileoE1PcpsCccwsrAmbiguousAcquisitionTest","","GalileoE1PcpsCccwsrAmbiguousAcquisitionTest","","ValidationOfResultsProbabilities",""
"passed","Fri Dec 20 09:52:49 GMT 2024","Fri Dec 20 09:52:49 GMT 2024","4","","GalileoE1PcpsAmbiguousAcquisitionGSoC2013Test","","GalileoE1PcpsAmbiguousAcquisitionGSoC2013Test","","Instantiate",""
"passed","Fri Dec 20 09:52:23 GMT 2024","Fri Dec 20 09:52:23 GMT 2024","0","","MultiplyTest","","MultiplyTest","","ArmadilloImplementation",""
"failed","Fri Dec 20 09:55:45 GMT 2024","Fri Dec 20 09:55:45 GMT 2024","226","","GNSSFlowgraph","","GNSSFlowgraph","","InstantiateConnectStartStopHybrid",""
"passed","Fri Dec 20 09:55:31 GMT 2024","Fri Dec 20 09:55:31 GMT 2024","0","","Unpack2bitSamplesTest","","Unpack2bitSamplesTest","","CheckBigEndianByte",""
"passed","Fri Dec 20 09:52:23 GMT 2024","Fri Dec 20 09:52:23 GMT 2024","0","","MagnitudeSquaredTest","","MagnitudeSquaredTest","","VolkComplexImplementationAlloc",""
"passed","Fri Dec 20 09:55:48 GMT 2024","Fri Dec 20 09:55:48 GMT 2024","10","","CubatureFilterComputationTest","","CubatureFilterComputationTest","","CubatureFilterTest",""
"passed","Fri Dec 20 09:55:31 GMT 2024","Fri Dec 20 09:55:31 GMT 2024","0","","RinexPrinterTest","","RinexPrinterTest","","MixedObsHeaderGpsGlo",""
"passed","Fri Dec 20 09:55:31 GMT 2024","Fri Dec 20 09:55:31 GMT 2024","0","","OsnmaMsgReceiverTest","","OsnmaMsgReceiverTest","","TeslaKeyVerification",""
"passed","Fri Dec 20 09:55:45 GMT 2024","Fri Dec 20 09:55:45 GMT 2024","0","","GNSSBlockFactoryTest","","GNSSBlockFactoryTest","","InstantiateWrongPvt",""
"passed","Fri Dec 20 09:54:25 GMT 2024","Fri Dec 20 09:54:25 GMT 2024","153","","GalileoE5bPcpsAcquisitionTest","","GalileoE5bPcpsAcquisitionTest","","ValidationOfResults",""
"passed","Fri Dec 20 09:52:49 GMT 2024","Fri Dec 20 09:52:49 GMT 2024","4","","GalileoE1PcpsAmbiguousAcquisitionGSoC2013Test","","GalileoE1PcpsAmbiguousAcquisitionGSoC2013Test","","ConnectAndRun",""
"passed","Fri Dec 20 09:55:45 GMT 2024","Fri Dec 20 09:55:45 GMT 2024","0","","GNSSBlockFactoryTest","","GNSSBlockFactoryTest","","InstantiatePulseBlankingFilter",""
"passed","Fri Dec 20 09:52:16 GMT 2024","Fri Dec 20 09:52:16 GMT 2024","0","","CodeGenerationTest","","CodeGenerationTest","","GalileoE6CSecondaryTest",""
"failed","Fri Dec 20 09:55:46 GMT 2024","Fri Dec 20 09:55:46 GMT 2024","0","","GalileoE1DllPllVemlTrackingInternalTest","","GalileoE1DllPllVemlTrackingInternalTest","","ValidationOfResults",""
"failed","Fri Dec 20 09:55:48 GMT 2024","Fri Dec 20 09:55:48 GMT 2024","0","","GlonassL1CaDllPllTrackingTest","","GlonassL1CaDllPllTrackingTest","","ValidationOfResults",""
"passed","Fri Dec 20 09:55:45 GMT 2024","Fri Dec 20 09:55:45 GMT 2024","0","","ReedSolomonE1BTest","","ReedSolomonE1BTest","","EncodeWithCustomMatrix",""
"passed","Fri Dec 20 09:55:34 GMT 2024","Fri Dec 20 09:55:34 GMT 2024","0","","DllNcEMinusLNormalizedTest","","DllNcEMinusLNormalizedTest","","CosBoc11",""
"passed","Fri Dec 20 09:52:16 GMT 2024","Fri Dec 20 09:52:16 GMT 2024","55","","CodeGenerationTest","","CodeGenerationTest","","CodeGenGPSL1SampledTest",""
"failed","Fri Dec 20 09:55:45 GMT 2024","Fri Dec 20 09:55:45 GMT 2024","0","","ControlThreadTest","","ControlThreadTest","","InstantiateRunControlMessages",""
"passed","Fri Dec 20 09:55:34 GMT 2024","Fri Dec 20 09:55:34 GMT 2024","0","","DllNcEMinusLNormalizedTest","","DllNcEMinusLNormalizedTest","","Bpsk",""
"passed","Fri Dec 20 09:55:31 GMT 2024","Fri Dec 20 09:55:31 GMT 2024","0","","Unpack2bitSamplesTest","","Unpack2bitSamplesTest","","CheckBigEndianShortBigEndianByte",""
"passed","Fri Dec 20 09:55:31 GMT 2024","Fri Dec 20 09:55:31 GMT 2024","0","","RtcmTest","","RtcmTest","","MT1029",""
"passed","Fri Dec 20 09:55:45 GMT 2024","Fri Dec 20 09:55:45 GMT 2024","0","","GNSSBlockFactoryTest","","GNSSBlockFactoryTest","","InstantiateGpsL1CaTcpConnectorTracking",""
"passed","Fri Dec 20 09:55:33 GMT 2024","Fri Dec 20 09:55:33 GMT 2024","739","","CpuMulticorrelatorTest","","CpuMulticorrelatorTest","","MeasureExecutionTime",""
"passed","Fri Dec 20 09:55:31 GMT 2024","Fri Dec 20 09:55:31 GMT 2024","0","","ItemTypeHelpersTest","","ItemTypeHelpersTest","","CheckConversionsComplex",""
"passed","Fri Dec 20 09:55:31 GMT 2024","Fri Dec 20 09:55:31 GMT 2024","0","","Geohash_Test","","Geohash_Test","","Precision",""
"passed","Fri Dec 20 09:55:45 GMT 2024","Fri Dec 20 09:55:45 GMT 2024","0","","FileConfigurationTest","","FileConfigurationTest","","OverridedProperties",""
"passed","Fri Dec 20 09:55:45 GMT 2024","Fri Dec 20 09:55:45 GMT 2024","0","","GNSSBlockFactoryTest","","GNSSBlockFactoryTest","","InstantiateWrongAcquisition",""
"passed","Fri Dec 20 09:52:23 GMT 2024","Fri Dec 20 09:52:23 GMT 2024","0","","StringConverterTest","","StringConverterTest","","StringToBoolFail",""
"passed","Fri Dec 20 09:55:31 GMT 2024","Fri Dec 20 09:55:31 GMT 2024","0","","Unpack2bitSamplesTest","","Unpack2bitSamplesTest","","CheckBigEndianShortLittleEndianByte",""
"passed","Fri Dec 20 09:55:46 GMT 2024","Fri Dec 20 09:55:46 GMT 2024","4","","GalileoE1PcpsAmbiguousAcquisitionTest","","GalileoE1PcpsAmbiguousAcquisitionTest","","Instantiate",""
"passed","Fri Dec 20 09:55:45 GMT 2024","Fri Dec 20 09:55:45 GMT 2024","1","","GNSSBlockFactoryTest","","GNSSBlockFactoryTest","","InstantiateRTKLIBPvt",""
"passed","Fri Dec 20 09:55:45 GMT 2024","Fri Dec 20 09:55:45 GMT 2024","0","","GNSSBlockFactoryTest","","GNSSBlockFactoryTest","","InstantiateGalileoE1DllPllVemlTracking",""
"passed","Fri Dec 20 09:55:45 GMT 2024","Fri Dec 20 09:55:45 GMT 2024","0","","GlonassGnavNavigationMessageTest","","GlonassGnavNavigationMessageTest","","String4Decoder",""
"passed","Fri Dec 20 09:55:45 GMT 2024","Fri Dec 20 09:55:45 GMT 2024","0","","ReedSolomonE1BTest","","ReedSolomonE1BTest","","DecodeNoErrors",""
"passed","Fri Dec 20 09:55:45 GMT 2024","Fri Dec 20 09:55:45 GMT 2024","0","","GNSSBlockFactoryTest","","GNSSBlockFactoryTest","","InstantiateFIRFilter",""
"passed","Fri Dec 20 09:54:24 GMT 2024","Fri Dec 20 09:54:24 GMT 2024","5","","GalileoE5aPcpsAcquisitionGSoC2014GensourceTest","","GalileoE5aPcpsAcquisitionGSoC2014GensourceTest","","ConnectAndRun",""
"passed","Fri Dec 20 09:55:45 GMT 2024","Fri Dec 20 09:55:45 GMT 2024","0","","GNSSBlockFactoryTest","","GNSSBlockFactoryTest","","InstantiateWrongFilter",""
"passed","Fri Dec 20 09:55:34 GMT 2024","Fri Dec 20 09:55:34 GMT 2024","0","","DllNcEMinusLNormalizedTest","","DllNcEMinusLNormalizedTest","","SinBoc11",""
"passed","Fri Dec 20 09:54:25 GMT 2024","Fri Dec 20 09:54:25 GMT 2024","6","","GalileoE6PcpsAcquisitionTest","","GalileoE6PcpsAcquisitionTest","","ConnectAndRun",""
"passed","Fri Dec 20 09:55:31 GMT 2024","Fri Dec 20 09:55:31 GMT 2024","0","","RtcmTest","","RtcmTest","","InstantiateServer",""
